,county,grades,students,teachers,calworks,lunch,computer,expenditure,income,english,read,math,average_score,lat,lng,normalized_average_score
0,Alameda,KK-08,195,10,0.51,2.04,67,6384.91,22.69,0.0,691.6,690.0,690.8,37.5894,-121.8854,1.9232028388872515
1,Butte,KK-08,240,11,15.42,47.92,101,5099.38,9.82,4.58,660.5,661.9,661.2,40.0871,-121.537,0.36967007021578957
2,Butte,KK-08,1550,82,55.03,76.32,169,5501.95,8.98,30.0,636.3,650.9,643.6,40.0871,-121.537,-0.5540521165618405
3,Butte,KK-08,243,14,36.48,77.05,85,7101.83,8.98,0.0,651.9,643.5,647.7,40.0871,-121.537,-0.33886683441477805
4,Butte,KK-08,1335,71,33.11,78.43,171,5235.99,9.08,13.86,641.8,639.9,640.85,40.0871,-121.537,-0.6983837082458451
5,Fresno,KK-08,137,6,12.32,86.96,25,5580.15,10.41,12.41,605.7,605.4,605.55,36.4042,-120.1341,-2.5510765033168883
6,San Joaquin,KK-08,195,10,12.9,94.62,28,5253.33,6.58,68.72,604.5,609.0,606.75,37.9299,-121.0043,-2.4880954451275024
7,Kern,KK-08,888,42,18.81,100.0,66,4565.75,8.17,46.96,605.5,612.5,609.0,35.1779,-119.5472,-2.3700059610224073
8,Fresno,KK-08,379,19,32.19,93.14,35,5355.55,7.39,30.08,608.9,616.1,612.5,36.4042,-120.1341,-2.186311207970038
9,Sacramento,KK-06,2247,108,78.99,87.32,0,5036.21,11.61,40.28,611.9,613.4,612.65,38.4636,-121.5022,-2.1784385756963665
10,Merced,KK-08,446,21,18.61,85.87,86,4547.69,8.93,52.91,612.8,618.7,615.75,37.2965,-120.3789,-2.0157375087071236
11,Fresno,KK-08,987,47,71.71,98.61,56,5447.35,7.39,54.61,616.6,616.0,616.3,36.4042,-120.1341,-1.9868711903703253
12,Tulare,KK-08,103,5,22.43,98.13,25,6567.15,5.34,42.72,612.8,619.8,616.3,35.8114,-118.6364,-1.9868711903703253
13,Tulare,KK-08,487,24,24.61,77.15,0,4818.61,8.28,20.53,610.0,622.6,616.3,35.8114,-118.6364,-1.9868711903703253
14,Tulare,KK-08,649,36,14.64,76.27,31,5621.46,9.63,80.12,611.9,621.0,616.45,35.8114,-118.6364,-1.9789985580966476
15,Tulare,KK-08,852,42,24.21,94.3,80,6026.36,7.45,49.41,614.8,619.9,617.35,35.8114,-118.6364,-1.931762764454611
16,Kern,KK-08,491,28,11.2,97.76,100,6723.24,6.22,85.54,611.7,624.4,618.05,35.1779,-119.5472,-1.8950238138441406
17,Kern,KK-08,421,25,8.55,77.91,50,5589.89,7.76,58.91,614.9,621.7,618.3,35.1779,-119.5472,-1.8819027600546856
18,Los Angeles,KK-08,6880,303,21.28,94.97,960,5064.62,7.02,77.01,619.1,620.5,619.8,34.0019,-118.2106,-1.803176437317956
19,Kern,KK-08,2688,135,23.44,93.23,139,5433.59,5.7,49.81,621.3,619.3,620.3,35.1779,-119.5472,-1.7769343297390459
20,Imperial,KK-08,440,24,34.77,100.0,69,5725.56,7.94,40.68,615.6,625.4,620.5,33.4279,-114.7273,-1.7664374867074797
21,Tulare,KK-08,475,21,21.65,91.55,53,4542.1,9.63,16.21,619.9,622.9,621.4,35.8114,-118.6364,-1.719201693065443
22,Kern,KK-08,2538,130,18.91,70.82,169,5107.09,7.41,45.07,622.9,620.6,621.75,35.1779,-119.5472,-1.7008322177602049
23,Tulare,KK-08,476,19,43.86,100.0,0,4659.66,9.63,39.08,620.7,623.4,622.05,35.8114,-118.6364,-1.6850869532128612
24,Merced,KK-08,2357,114,16.8,90.62,216,4555.46,8.02,76.67,619.5,625.7,622.6,37.2965,-120.3789,-1.6562206348760569
25,Tulare,KK-08,1588,85,22.41,85.15,198,5415.15,8.52,40.49,625.0,621.2,623.1,35.8114,-118.6364,-1.629978527297147
26,Monterey,KK-06,7306,319,17.0,88.03,742,4997.87,7.98,73.72,620.4,626.0,623.2,36.8019,-121.7872,-1.6247301057813637
27,Kern,KK-08,2601,135,15.07,92.2,269,5223.91,7.3,70.01,616.5,630.4,623.45,35.1779,-119.5472,-1.6116090519919088
28,Tulare,KK-08,847,44,16.29,90.2,67,5139.16,8.93,55.96,620.1,627.1,623.6,35.8114,-118.6364,-1.6037364197182369
29,Tulare,KK-08,452,22,14.5,81.02,55,4614.25,8.55,11.06,627.9,620.4,624.15,35.8114,-118.6364,-1.5748701013814383
30,San Diego,KK-08,4142,201,35.56,81.51,569,5342.23,6.61,80.42,620.4,628.7,624.55,32.8711,-116.4247,-1.5538764153183118
31,Monterey,KK-08,2102,99,15.32,90.28,224,5347.46,12.41,63.13,623.0,626.9,624.95,36.8019,-121.7872,-1.532882729255179
32,Los Angeles,KK-08,10012,464,29.76,91.59,721,5036.46,8.13,65.12,620.8,629.8,625.3,34.0019,-118.2106,-1.5145132539499468
33,Monterey,KK-08,2488,125,12.69,55.09,202,5117.14,11.43,53.42,626.1,625.6,625.85,36.8019,-121.7872,-1.4856469356131423
34,San Bernardino,KK-08,25151,1186,17.44,80.2,1713,5117.04,11.72,49.82,625.4,626.8,626.1,34.176,-114.264,-1.4725258818236875
35,Los Angeles,KK-08,2267,103,19.15,84.43,177,5272.19,11.33,35.47,625.4,628.2,626.8,34.0019,-118.2106,-1.4357869312132172
36,Merced,KK-08,1657,90,28.85,84.73,204,5225.72,9.6,56.13,623.6,630.2,626.9,37.2965,-120.3789,-1.430538509697434
37,Fresno,KK-08,284,17,14.53,94.93,18,6516.53,14.56,32.39,628.9,625.3,627.1,36.4042,-120.1341,-1.4200416666658675
38,San Mateo,KK-08,5370,280,19.57,81.12,562,4559.18,22.06,65.51,624.4,630.1,627.25,37.2658,-122.3007,-1.4121690343921958
39,Kern,KK-08,2471,121,23.8,87.78,275,5119.16,9.71,53.06,627.5,627.1,627.3,35.1779,-119.5472,-1.409544823634307
40,Ventura,KK-08,15386,669,12.51,71.43,1762,5338.19,11.48,49.64,627.8,628.7,628.25,34.258,-118.6662,-1.359684819234376
41,Merced,KK-08,184,9,22.28,85.87,40,5090.04,8.18,45.11,621.6,635.2,628.4,37.2965,-120.3789,-1.3518121869607043
42,Kern,KK-08,1217,61,33.91,88.1,78,5485.5,8.17,30.32,629.4,627.7,628.55,35.1779,-119.5472,-1.3439395546870325
43,Kern,KK-08,6219,268,21.5,100.0,571,4793.37,7.5,52.24,621.1,636.2,628.65,35.1779,-119.5472,-1.3386911331712492
44,Riverside,KK-06,4258,221,24.66,92.74,324,5092.92,10.05,36.8,626.5,631.0,628.75,38.4464,-122.1945,-1.3334427116554661
45,Los Angeles,KK-08,1235,53,8.22,62.13,175,4359.52,7.33,30.28,630.2,629.4,629.8,34.0019,-118.2106,-1.2783342857397577
46,Santa Clara,KK-08,16244,766,17.45,69.74,1423,5645.5,12.58,49.86,629.5,631.2,630.35,37.3116,-121.9357,-1.2494679674029532
47,Kern,KK-08,814,39,19.78,67.44,85,4518.02,15.18,13.76,631.9,628.9,630.4,35.1779,-119.5472,-1.2468437566450645
48,Kern,KK-08,27176,1429,39.22,84.29,3324,5864.37,12.11,28.86,631.6,629.5,630.55,35.1779,-119.5472,-1.2389711243713928
49,Santa Clara,KK-08,10696,487,22.16,70.9,1306,5258.0,11.78,52.8,628.5,632.6,630.55,37.3116,-121.9357,-1.2389711243713928
50,Los Angeles,KK-08,8935,444,36.95,79.51,786,5016.69,14.06,44.09,628.4,633.7,631.05,34.0019,-118.2106,-1.212729016792483
51,Madera,KK-08,1600,74,27.26,79.73,242,4720.09,10.47,35.25,635.7,627.1,631.4,36.8799,-120.1147,-1.1943595414872448
52,Monterey,KK-06,9028,449,13.99,69.94,669,5470.56,13.41,37.49,633.0,630.7,631.85,36.8019,-121.7872,-1.1707416446662233
53,Santa Barbara,KK-08,10625,521,7.5,77.53,896,5615.44,12.3,50.39,629.6,634.2,631.9,34.9312,-119.6148,-1.168117433908335
54,Los Angeles,KK-08,7151,318,18.55,61.74,560,5245.44,15.4,31.07,634.2,629.7,631.95,34.0019,-118.2106,-1.1654932231504402
55,Los Angeles,KK-08,2404,105,20.93,52.94,202,4838.18,13.76,18.26,633.5,630.5,632.0,34.0019,-118.2106,-1.1628690123925516
56,Los Angeles,KK-08,5804,283,28.34,81.12,480,5367.99,14.18,34.7,631.4,633.0,632.2,34.0019,-118.2106,-1.1523721693609852
57,Sacramento,KK-06,2253,112,43.5,84.55,196,5526.24,8.86,33.29,637.5,627.0,632.25,38.4636,-121.5022,-1.1497479586030968
58,Monterey,KK-08,2807,126,15.46,52.4,152,4353.02,13.0,33.49,637.3,627.6,632.45,36.8019,-121.7872,-1.1392511155715304
59,Ventura,KK-08,3074,142,11.29,66.19,249,5034.29,11.59,38.16,633.2,632.5,632.85,34.258,-118.6662,-1.1182574295084036
60,Tulare,KK-08,723,37,25.92,83.16,45,4692.49,8.28,36.93,629.2,636.7,632.95,35.8114,-118.6364,-1.1130090079926205
61,Sacramento,KK-06,5138,290,58.75,85.0,560,5606.78,10.91,32.99,630.3,635.8,633.05,38.4636,-121.5022,-1.1077605864768432
62,Orange,KK-06,20927,953,10.91,82.39,1048,4969.18,13.4,58.22,629.6,636.7,633.15,33.818,-117.8104,-1.10251216496106
63,Kings,KK-08,3017,138,14.98,56.06,496,4675.67,11.08,17.0,634.4,632.9,633.65,36.4026,-119.7208,-1.0762700573821502
64,Kings,KK-08,957,50,27.17,82.13,149,5306.13,9.08,17.66,634.7,633.1,633.9,36.4026,-119.7208,-1.0631490035926952
65,Kern,KK-08,1639,90,46.89,80.6,287,5693.88,13.39,7.32,638.4,629.6,634.0,35.1779,-119.5472,-1.057900582076912
66,Los Angeles,KK-08,4340,209,17.7,93.92,284,5181.58,14.6,31.2,631.9,636.2,634.05,34.0019,-118.2106,-1.0552763713190234
67,Kings,KK-08,5079,224,25.56,63.8,585,5228.65,11.12,16.62,637.7,630.5,634.1,36.4026,-119.7208,-1.0526521605611288
68,San Diego,KK-06,6639,304,26.84,100.0,505,5339.39,8.42,58.08,631.5,636.7,634.1,32.8711,-116.4247,-1.0526521605611288
69,Sonoma,KK-06,1154,62,22.93,84.92,129,6056.5,11.66,55.89,636.8,631.5,634.15,38.3463,-123.0595,-1.0500279498032403
70,Kern,KK-08,237,11,19.83,76.79,13,4845.68,7.3,5.49,631.8,636.6,634.2,35.1779,-119.5472,-1.0474037390453457
71,Los Angeles,KK-08,2987,141,21.26,68.4,273,4826.67,13.73,14.43,637.7,631.1,634.4,34.0019,-118.2106,-1.0369068960137853
72,Kings,KK-08,499,30,40.37,83.12,94,5367.09,11.12,22.85,635.5,633.6,634.55,36.4026,-119.7208,-1.0290342637401135
73,Merced,KK-08,11474,542,40.55,77.01,1248,5742.73,10.36,38.78,633.2,636.2,634.7,37.2965,-120.3789,-1.0211616314664358
74,Santa Barbara,KK-08,1088,55,14.15,86.03,107,4136.25,6.98,64.25,631.1,638.7,634.9,34.9312,-119.6148,-1.0106647884348754
75,San Bernardino,KK-08,2660,140,15.76,74.85,259,5267.83,14.47,25.23,637.8,632.1,634.95,34.176,-114.264,-1.0080405776769807
76,Contra Costa,KK-08,353,19,8.67,33.06,8,5238.39,14.65,5.38,636.6,633.5,635.05,38.0446,-122.185,-1.0027921561612037
77,Humboldt,KK-08,329,18,28.92,85.54,37,5462.9,10.63,6.08,644.3,626.1,635.2,40.3987,-123.9474,-0.9949195238875258
78,Siskiyou,KK-08,252,16,23.46,66.26,32,6313.37,9.78,0.0,640.9,630.0,635.45,41.5815,-121.9151,-0.9817984700980709
79,Siskiyou,KK-08,175,12,21.76,68.82,31,6653.03,10.66,0.0,634.6,636.6,635.6,41.5815,-121.9151,-0.9739258378243991
80,Ventura,KK-08,3835,186,13.99,72.86,897,5533.15,11.94,34.89,633.0,638.2,635.6,34.258,-118.6662,-0.9739258378243991
81,Fresno,KK-08,314,19,29.94,93.63,8,6118.71,7.39,13.06,636.7,634.8,635.75,36.4042,-120.1341,-0.9660532055507273
82,Merced,KK-08,4458,211,22.22,72.32,445,5098.63,10.68,36.03,633.2,638.7,635.95,37.2965,-120.3789,-0.955556362519161
83,Merced,KK-08,1313,75,32.09,73.6,112,5652.88,9.97,34.65,633.9,638.3,636.1,37.2965,-120.3789,-0.9476837302454891
84,Fresno,KK-08,474,26,21.52,75.74,36,5329.0,8.26,28.69,634.7,638.3,636.5,36.4042,-120.1341,-0.9266900441823624
85,San Bernardino,KK-08,1114,57,29.45,62.21,277,5929.81,8.9,1.8,645.4,627.8,636.6,34.176,-114.264,-0.9214416226665793
86,Riverside,KK-06,1358,65,14.79,80.87,178,4897.07,12.06,30.63,632.3,641.1,636.7,38.4464,-122.1945,-0.916193201150796
87,Los Angeles,KK-08,11629,546,25.38,83.87,1015,5100.2,9.43,59.03,632.4,641.4,636.9,34.0019,-118.2106,-0.9056963581192358
88,Kern,KK-08,6195,306,21.04,68.57,1261,4825.72,8.92,13.56,636.2,637.7,636.95,35.1779,-119.5472,-0.9030721473613411
89,Tulare,KK-08,499,20,23.7,80.92,35,4079.13,10.1,5.01,636.1,637.9,637.0,35.8114,-118.6364,-0.9004479366034526
90,Sacramento,KK-08,417,23,19.9,46.04,27,5349.37,11.83,0.96,638.0,636.2,637.1,38.4636,-121.5022,-0.8951995150876694
91,Lake,KK-08,300,15,48.34,72.19,55,5869.39,11.55,0.67,640.9,633.8,637.35,38.7518,-122.6221,-0.8820784612982144
92,Santa Clara,KK-08,457,24,16.82,67.71,50,6462.13,19.71,38.51,644.9,630.4,637.65,37.3116,-121.9357,-0.8663331967508708
93,Butte,KK-08,146,8,25.34,54.11,34,6231.6,7.11,0.0,646.1,629.8,637.95,40.0871,-121.537,-0.8505879322035214
94,San Mateo,KK-08,460,24,10.59,66.95,71,4993.87,13.73,17.17,633.2,642.7,637.95,37.2658,-122.3007,-0.8505879322035214
95,Tulare,KK-08,354,17,10.28,59.72,28,4663.81,10.1,9.89,636.7,639.3,638.0,35.8114,-118.6364,-0.8479637214456327
96,Los Angeles,KK-08,1841,95,25.26,64.75,315,6107.11,13.76,19.39,640.4,636.0,638.2,34.0019,-118.2106,-0.8374668784140664
97,Imperial,KK-08,3760,183,26.9,65.8,717,5324.23,9.66,36.49,636.2,640.4,638.3,33.4279,-114.7273,-0.8322184568982891
98,Imperial,KK-08,500,22,18.8,83.0,70,5221.46,10.26,39.4,630.4,646.2,638.3,33.4279,-114.7273,-0.8322184568982891
99,Los Angeles,KK-08,5112,246,10.69,59.72,383,5157.78,11.57,28.68,638.6,638.1,638.35,34.0019,-118.2106,-0.8295942461403946
100,Kern,KK-08,146,7,13.7,66.44,28,5131.12,7.41,13.7,637.5,639.6,638.55,35.1779,-119.5472,-0.8190974031088342
101,Kern,KK-08,2141,105,26.5,65.38,134,5279.35,12.08,11.35,636.9,640.5,638.7,35.1779,-119.5472,-0.8112247708351564
102,Sutter,KK-08,610,30,8.52,56.07,144,4704.04,11.28,3.44,640.3,638.2,639.25,38.8981,-121.5729,-0.7823584524983579
103,Mendocino,KK-08,337,16,21.26,60.13,26,6089.91,10.03,15.43,642.7,635.9,639.3,39.8635,-123.7253,-0.7797342417404693
104,San Bernardino,KK-08,4501,227,19.13,63.91,597,5356.83,8.38,17.97,639.9,638.8,639.35,34.176,-114.264,-0.7771100309825748
105,San Benito,KK-08,5718,295,6.84,37.05,313,5144.55,13.63,22.72,641.4,637.6,639.5,36.7904,-121.3105,-0.769237398708903
106,Los Angeles,KK-08,19402,846,20.52,51.24,1182,4906.23,14.13,18.44,641.7,637.8,639.75,34.0019,-118.2106,-0.756116344919448
107,Butte,KK-08,3401,175,52.22,74.27,560,5489.59,11.27,16.17,641.5,638.1,639.8,40.0871,-121.537,-0.7534921341615595
108,Kern,KK-08,2621,136,25.83,64.1,397,5718.55,13.39,2.02,641.4,638.3,639.85,35.1779,-119.5472,-0.7508679234036648
109,Ventura,KK-08,426,20,3.99,64.79,87,4436.15,11.94,9.62,634.3,645.5,639.9,34.258,-118.6662,-0.7482437126457763
110,Fresno,KK-08,205,11,18.54,80.98,24,4895.44,8.26,41.46,643.5,636.7,640.1,36.4042,-120.1341,-0.7377468696142099
111,Los Angeles,KK-08,13668,648,28.18,56.3,1321,5159.22,14.23,9.9,640.4,639.9,640.15,34.0019,-118.2106,-0.7351226588563213
112,Madera,KK-08,342,18,11.4,68.09,98,5490.65,10.47,16.08,637.7,643.3,640.5,36.8799,-120.1147,-0.7167531835510832
113,Orange,KK-06,6518,332,12.28,71.02,499,5172.02,14.24,43.49,638.5,643.0,640.75,33.818,-117.8104,-0.7036321297616283
114,Tulare,KK-08,239,12,15.61,69.62,30,4441.67,14.07,8.79,644.9,636.9,640.9,35.8114,-118.6364,-0.6957594974879564
115,Santa Clara,KK-08,2911,139,11.93,52.97,281,5220.37,15.97,39.02,640.4,641.8,641.1,37.3116,-121.9357,-0.6852626544563901
116,Imperial,KK-08,6272,297,28.72,71.76,1338,5252.81,10.26,53.89,639.3,643.6,641.45,33.4279,-114.7273,-0.666893179151152
117,San Diego,KK-06,10218,508,17.42,70.81,1435,5518.7,10.6,41.13,638.6,644.3,641.45,32.8711,-116.4247,-0.666893179151152
118,Shasta,KK-08,1735,87,47.26,75.5,222,5609.49,10.52,1.38,640.8,642.3,641.55,40.6722,-121.4228,-0.6616447576353748
119,Tulare,KK-08,474,26,20.68,82.07,96,4945.03,11.24,35.44,638.9,644.7,641.8,35.8114,-118.6364,-0.6485237038459197
120,Tehama,KK-08,544,30,20.55,74.86,145,5223.03,10.06,8.64,641.8,642.6,642.2,40.3409,-121.9174,-0.627530017782787
121,Tulare,KK-08,1987,103,15.28,54.65,283,4757.03,11.18,15.35,637.0,647.4,642.2,35.8114,-118.6364,-0.627530017782787
122,Fresno,KK-08,418,22,10.7,63.43,50,5522.16,7.39,19.86,640.2,644.6,642.4,36.4042,-120.1341,-0.6170331747512267
123,Monterey,KK-08,196,10,19.69,47.15,40,6087.61,13.58,3.06,652.6,632.9,642.75,36.8019,-121.7872,-0.5986636994459885
124,Tulare,KK-08,2208,114,14.41,53.21,92,4960.52,9.63,9.87,642.0,644.1,643.05,35.8114,-118.6364,-0.582918434898645
125,Riverside,KK-08,1255,55,11.32,44.26,165,4880.04,15.27,16.1,642.6,643.8,643.2,38.4464,-122.1945,-0.5750458026249673
126,Sonoma,KK-06,1469,78,20.97,80.26,65,6538.42,14.03,43.5,639.4,647.1,643.25,38.3463,-123.0595,-0.5724215918670786
127,Los Angeles,KK-08,7114,332,34.59,82.57,680,4925.66,10.24,45.04,638.9,647.9,643.4,34.0019,-118.2106,-0.5645489595934069
128,Tehama,KK-08,1962,98,24.42,67.75,170,5204.69,9.48,18.2,641.7,645.1,643.4,40.3409,-121.9174,-0.5645489595934069
129,San Mateo,KK-08,7761,361,6.49,44.48,658,4907.41,15.03,15.49,644.2,642.8,643.5,37.2658,-122.3007,-0.5593005380776237
130,Siskiyou,KK-08,216,14,9.42,48.88,47,5923.45,9.78,0.93,652.7,634.3,643.5,41.5815,-121.9151,-0.5593005380776237
131,Kern,KK-08,224,10,7.14,58.04,31,4741.96,13.19,7.59,633.6,653.8,643.7,35.1779,-119.5472,-0.5488036950460573
132,Stanislaus,KK-08,7887,391,16.4,57.07,1004,4954.02,12.22,29.09,645.7,641.7,643.7,37.8272,-120.9144,-0.5488036950460573
133,Tuolumne,KK-08,752,39,11.71,34.08,0,5500.11,14.08,0.13,652.3,636.1,644.2,38.0957,-120.1285,-0.5225615874671474
134,San Mateo,KK-08,9328,537,7.49,39.04,1719,5360.52,25.49,50.86,644.5,643.9,644.2,37.2658,-122.3007,-0.5225615874671474
135,El Dorado,KK-08,548,32,7.66,31.39,35,5685.64,14.87,11.5,652.1,636.7,644.4,38.8026,-120.8946,-0.512064744435587
136,Merced,KK-08,104,5,32.38,49.52,19,5594.2,9.97,13.46,649.5,639.4,644.45,37.2965,-120.3789,-0.5094405336776925
137,San Joaquin,KK-08,275,13,12.73,45.82,4,4692.57,14.58,4.73,643.2,645.7,644.45,37.9299,-121.0043,-0.5094405336776925
138,Fresno,KK-08,443,24,14.22,69.98,52,5085.41,7.39,21.44,644.3,644.7,644.5,36.4042,-120.1341,-0.5068163229198038
139,Sacramento,KK-06,10337,540,37.23,58.55,1268,5456.2,12.34,12.35,646.0,643.1,644.55,38.4636,-121.5022,-0.5041921121619153
140,Stanislaus,KK-08,806,41,7.18,56.68,36,5105.18,12.43,30.15,645.3,644.1,644.7,37.8272,-120.9144,-0.4963194798882375
141,Merced,KK-08,227,11,18.06,59.03,25,5519.68,14.91,15.86,649.7,640.2,644.95,37.2965,-120.3789,-0.48319842609878255
142,Ventura,KK-08,8416,391,12.4,71.91,1333,5065.91,12.67,43.75,642.9,647.3,645.1,34.258,-118.6662,-0.4753257938251108
143,Humboldt,KK-08,149,8,19.46,59.06,30,5182.43,10.33,0.0,656.8,633.7,645.25,40.3987,-123.9474,-0.467453161551439
144,Humboldt,KK-08,220,13,19.13,52.17,48,5960.46,11.97,0.0,658.0,633.1,645.55,40.3987,-123.9474,-0.4517078970040954
145,San Diego,KK-08,4612,232,17.48,65.92,601,5124.84,12.83,16.65,647.7,643.4,645.55,32.8711,-116.4247,-0.4517078970040954
146,Lake,KK-08,590,34,37.44,70.66,71,5655.13,10.04,3.22,644.8,646.4,645.6,38.7518,-122.6221,-0.4490836862462009
147,Humboldt,KK-08,133,7,25.0,72.14,25,5811.69,13.34,0.0,644.3,647.2,645.75,40.3987,-123.9474,-0.4412110539725291
148,Ventura,KK-08,2440,121,7.28,47.03,116,5467.67,9.85,48.52,645.5,646.0,645.75,34.258,-118.6662,-0.4412110539725291
149,Tehama,KK-08,133,6,11.19,35.82,0,5213.09,11.43,0.75,652.5,639.5,646.0,40.3409,-121.9174,-0.42809000018307414
150,Sacramento,KK-08,519,26,16.76,37.96,65,4613.19,15.13,1.93,650.9,641.5,646.2,38.4636,-121.5022,-0.4175931571515078
151,San Joaquin,KK-08,222,11,7.59,40.62,30,4886.98,14.58,13.51,643.0,649.7,646.35,37.9299,-121.0043,-0.409720524877836
152,Siskiyou,KK-08,285,18,26.64,76.28,36,6455.14,10.27,0.0,641.6,651.2,646.4,41.5815,-121.9151,-0.4070963141199474
153,Stanislaus,KK-08,3129,147,26.17,55.79,471,5125.43,15.59,16.71,647.8,645.2,646.5,37.8272,-120.9144,-0.4018478926041642
154,Fresno,KK-08,2019,102,10.25,40.56,167,5193.69,11.24,5.94,649.1,644.0,646.55,36.4042,-120.1341,-0.3992236818462756
155,Orange,KK-08,5620,267,10.31,55.09,316,5002.84,15.05,36.17,644.0,649.4,646.7,33.818,-117.8104,-0.39135104957259786
156,Orange,KK-08,9775,484,13.04,62.5,1218,5337.63,15.41,44.97,645.6,648.2,646.9,33.818,-117.8104,-0.38085420654103747
157,Kings,KK-08,246,11,9.76,43.9,38,5161.2,11.08,16.67,647.8,646.1,646.95,36.4026,-119.7208,-0.3782299957831429
158,Tulare,KK-08,7210,360,26.63,68.86,800,5158.79,10.1,15.19,642.5,651.6,647.05,35.8114,-118.6364,-0.3729815742673657
159,San Diego,KK-06,21338,1051,13.23,45.99,2889,5123.47,14.3,34.34,645.0,649.5,647.25,32.8711,-116.4247,-0.3624847312357994
160,Shasta,KK-08,477,27,25.37,59.54,27,5782.54,11.8,0.0,650.8,643.8,647.3,40.6722,-121.4228,-0.35986052047791073
161,Merced,KK-08,727,39,10.18,32.19,50,4842.61,9.97,13.07,649.4,645.8,647.6,37.2965,-120.3789,-0.34411525593056125
162,Sutter,KK-08,374,18,6.68,7.49,46,4219.41,15.41,4.28,651.6,643.6,647.6,38.8981,-121.5729,-0.34411525593056125
163,San Diego,KK-08,18255,903,11.22,58.53,2001,5081.17,15.29,39.59,645.0,651.0,648.0,32.8711,-116.4247,-0.3231215698674345
164,Los Angeles,KK-08,8787,410,10.02,32.48,1058,5144.99,15.53,21.67,648.0,648.4,648.2,34.0019,-118.2106,-0.3126247268358681
165,Kern,KK-08,797,38,7.03,35.76,60,4674.3,16.29,3.26,648.8,647.7,648.25,35.1779,-119.5472,-0.3100005160779795
166,Sutter,KK-08,140,7,3.57,39.29,40,4830.33,12.88,7.86,651.6,645.1,648.35,38.8981,-121.5729,-0.3047520945621964
167,San Diego,KK-08,235,13,6.81,67.23,51,5621.69,16.62,39.57,643.4,654.0,648.7,32.8711,-116.4247,-0.28638261925695824
168,San Bernardino,KK-06,8294,371,23.2,51.57,1295,4948.87,12.55,10.13,645.1,652.8,648.95,34.176,-114.264,-0.2732615654675033
169,Orange,KK-06,2409,108,8.15,52.12,354,5100.98,14.26,27.52,646.0,652.3,649.15,33.818,-117.8104,-0.2627647224359429
170,Sonoma,KK-06,150,8,3.23,23.23,16,5132.79,18.33,14.0,655.2,643.4,649.3,38.3463,-123.0595,-0.2548920901622711
171,Shasta,KK-08,3981,210,41.77,51.77,606,5358.52,12.75,8.84,649.8,649.2,649.5,40.6722,-121.4228,-0.24439524713070476
172,Tehama,KK-08,2326,117,17.98,52.25,345,5149.19,11.43,6.41,651.3,648.1,649.7,40.3409,-121.9174,-0.2338984040991384
173,Tuolumne,KK-08,501,30,20.63,54.76,163,5373.21,8.83,2.4,652.6,647.1,649.85,38.0957,-120.1285,-0.22602577182546663
174,Siskiyou,KK-08,470,28,31.33,89.7,48,6485.17,11.18,5.96,655.1,645.8,650.45,41.5815,-121.9151,-0.19453524273077355
175,Humboldt,KK-06,575,35,26.43,59.13,59,5504.03,14.23,8.17,654.6,646.5,650.55,40.3987,-123.9474,-0.18928682121499632
176,Contra Costa,KK-08,3519,175,5.54,29.78,789,5105.73,15.03,15.46,655.4,645.8,650.6,38.0446,-122.185,-0.18666261045710175
177,Tuolumne,KK-08,474,26,22.0,54.99,61,5634.73,10.52,0.0,653.6,647.7,650.65,38.0957,-120.1285,-0.18403839969921315
178,Placer,KK-08,223,11,1.75,17.54,60,4980.29,18.63,0.0,651.8,650.0,650.9,39.208,-120.8345,-0.1709173459097582
179,Sonoma,KK-08,92,5,13.54,0.0,22,6113.86,22.53,0.0,656.1,645.7,650.9,38.3463,-123.0595,-0.1709173459097582
180,Sonoma,KK-06,4971,297,14.71,55.1,500,5850.0,18.3,31.82,653.3,649.0,651.15,38.3463,-123.0595,-0.15779629212030324
181,Stanislaus,KK-08,2617,107,8.37,32.37,226,4547.94,11.89,12.8,651.7,650.7,651.2,37.8272,-120.9144,-0.15517208136240868
182,Shasta,KK-08,242,13,28.1,51.65,32,5011.84,9.93,0.0,654.4,648.3,651.35,40.6722,-121.4228,-0.1472994490887369
183,Humboldt,KK-08,780,41,16.54,50.76,75,5261.37,14.2,3.85,662.0,640.8,651.4,40.3987,-123.9474,-0.14467523833084828
184,Tulare,KK-08,324,15,13.0,58.2,50,4276.12,9.63,2.47,647.0,655.9,651.45,35.8114,-118.6364,-0.1420510275729537
185,Glenn,KK-08,140,6,7.86,45.71,25,4566.27,10.64,10.71,654.2,649.4,651.8,39.6002,-122.5376,-0.12368155226772155
186,Sonoma,KK-08,181,10,25.41,66.85,26,6049.5,14.48,0.0,651.9,651.8,651.85,38.3463,-123.0595,-0.12105734150982699
187,Lassen,KK-08,516,26,9.26,24.81,65,4974.28,13.47,1.94,656.3,647.5,651.9,40.893,-121.1781,-0.11843313075193837
188,Imperial,KK-08,108,5,3.67,32.11,25,4432.48,9.66,4.63,648.2,655.8,652.0,33.4279,-114.7273,-0.1131847092361552
189,Lassen,KK-08,419,18,13.95,50.0,58,4924.62,12.71,5.25,656.4,647.8,652.1,40.893,-121.1781,-0.10793628772037203
190,Orange,KK-08,12567,546,7.62,40.4,1099,4603.66,17.82,27.54,651.6,652.6,652.1,33.818,-117.8104,-0.10793628772037203
191,Sonoma,KK-06,287,16,3.79,31.03,65,5973.93,17.16,14.98,655.1,649.5,652.3,38.3463,-123.0595,-0.09743944468881165
192,Santa Barbara,KK-08,6201,339,7.18,47.7,634,5215.94,19.59,47.88,650.9,653.7,652.3,34.9312,-119.6148,-0.09743944468881165
193,Humboldt,KK-08,577,29,20.34,46.05,134,4882.24,14.2,0.0,657.2,647.5,652.35,40.3987,-123.9474,-0.09481523393091706
194,Sutter,KK-08,170,7,10.59,32.35,41,4145.84,11.91,1.76,660.3,644.5,652.4,38.8981,-121.5729,-0.09219102317302846
195,Shasta,KK-08,164,8,33.54,65.85,36,7542.04,13.39,0.0,655.2,649.6,652.4,40.6722,-121.4228,-0.09219102317302846
196,Kern,KK-08,382,22,29.24,59.21,75,5247.02,11.55,0.0,653.1,651.9,652.5,35.1779,-119.5472,-0.0869426016572453
197,San Diego,KK-08,1221,61,4.34,25.31,250,5169.81,19.03,7.29,656.8,648.9,652.85,32.8711,-116.4247,-0.06857312635200716
198,Santa Cruz,KK-08,2214,108,12.87,36.45,213,5951.01,16.41,17.03,656.1,650.1,653.1,36.8722,-121.8101,-0.055452072562552204
199,Riverside,KK-08,4523,215,5.75,29.2,409,4746.57,14.06,10.44,653.7,653.1,653.4,38.4464,-122.1945,-0.03970680801520864
200,Kern,KK-08,793,39,4.41,30.77,49,4944.09,19.07,2.27,652.4,654.6,653.5,35.1779,-119.5472,-0.03445838649942547
201,Santa Clara,KK-08,1678,88,5.48,38.2,254,6306.49,20.77,28.25,655.6,651.5,653.55,37.3116,-121.9357,-0.031834175741536866
202,Imperial,KK-08,536,22,5.6,28.17,35,4260.31,10.26,8.77,653.4,653.7,653.55,33.4279,-114.7273,-0.031834175741536866
203,San Joaquin,KK-08,307,15,5.54,28.66,36,4718.16,14.58,7.49,654.1,653.3,653.7,37.9299,-121.0043,-0.023961543467859118
204,Tehama,KK-08,347,17,18.44,53.6,56,4751.3,10.2,9.8,655.5,652.1,653.8,40.3409,-121.9174,-0.01871312195208191
205,Humboldt,KK-08,168,11,29.17,63.69,30,5653.45,12.5,12.5,655.9,651.8,653.85,40.3987,-123.9474,-0.016088911194187337
206,Shasta,KK-08,532,31,10.51,29.64,81,5920.25,13.91,0.0,656.6,651.3,653.95,40.6722,-121.4228,-0.010840489678404161
207,Los Angeles,KK-08,3272,150,24.02,76.77,374,4825.59,9.99,31.2,651.4,656.8,654.1,34.0019,-118.2106,-0.002967857404732381
208,Nevada,KK-08,2045,107,12.13,40.93,268,5532.58,13.71,1.37,657.8,650.6,654.2,39.4443,-120.736,0.002280564111050795
209,Tulare,KK-08,156,6,10.43,47.85,7,3926.07,10.1,9.62,659.8,648.6,654.2,35.8114,-118.6364,0.002280564111050795
210,Kern,KK-08,1129,61,34.19,62.27,164,5805.64,11.29,0.0,655.1,653.5,654.3,35.1779,-119.5472,0.007528985626828004
211,Sacramento,KK-08,3669,201,11.36,41.05,500,4899.24,13.23,24.26,652.7,656.5,654.6,38.4636,-121.5022,0.02327425017417753
212,San Benito,KK-08,157,9,1.9,10.13,19,4884.86,13.63,9.55,654.2,655.5,654.85,36.7904,-121.3105,0.03639530396363248
213,San Diego,KK-08,4928,229,8.54,25.89,618,5139.94,14.62,5.93,653.5,656.2,654.85,32.8711,-116.4247,0.03639530396363248
214,Sutter,KK-08,103,5,5.83,23.3,13,5249.36,8.78,0.97,662.2,647.6,654.9,38.8981,-121.5729,0.03901951472152109
215,Fresno,KK-08,175,10,14.86,70.29,17,5399.07,10.34,18.29,650.0,660.1,655.05,36.4042,-120.1341,0.04689214699519287
216,Contra Costa,KK-08,4153,199,7.53,23.44,241,4965.29,16.32,4.98,657.4,652.7,655.05,38.0446,-122.185,0.04689214699519287
217,Siskiyou,KK-06,280,18,8.7,56.52,67,6210.32,10.66,4.29,660.4,649.7,655.05,41.5815,-121.9151,0.04689214699519287
218,San Joaquin,KK-08,865,43,3.08,12.57,96,4797.5,14.58,3.35,660.8,649.6,655.2,37.9299,-121.0043,0.05476477926887062
219,Santa Clara,KK-08,8735,408,7.5,21.34,1120,5397.16,18.63,32.71,655.4,655.2,655.3,37.3116,-121.9357,0.06001320078464783
220,Kings,KK-08,412,20,8.74,60.92,72,5078.5,11.12,9.47,653.0,657.7,655.35,36.4026,-119.7208,0.0626374115425424
221,Stanislaus,KK-08,6373,329,12.68,36.89,624,4733.75,14.6,6.26,657.6,653.1,655.35,37.8272,-120.9144,0.0626374115425424
222,San Joaquin,KK-08,332,18,9.04,34.04,73,4963.06,15.49,13.25,653.2,657.6,655.4,37.9299,-121.0043,0.065261622300431
223,Placer,KK-08,2903,138,11.13,34.45,192,5431.18,16.27,3.17,662.0,649.1,655.55,39.208,-120.8345,0.07313425457410277
224,San Benito,KK-08,565,29,6.73,36.64,60,5382.09,13.63,16.99,651.6,659.8,655.7,36.7904,-121.3105,0.08100688684778053
225,El Dorado,KK-08,586,26,7.51,37.88,78,5724.44,12.39,0.85,662.0,649.6,655.8,38.8026,-120.8946,0.08625530836355774
226,San Bernardino,KK-08,5068,240,7.06,34.23,626,4843.43,15.33,6.65,655.9,655.8,655.85,34.176,-114.264,0.08887951912145231
227,Shasta,KK-08,859,42,16.41,40.16,118,5730.35,12.67,0.12,654.1,658.7,656.4,40.6722,-121.4228,0.11774583745825082
228,Nevada,KK-08,145,10,8.28,20.0,20,5635.79,13.71,0.0,657.8,655.2,656.5,39.4443,-120.736,0.122994258974034
229,San Mateo,KK-08,649,35,3.85,19.57,155,5671.66,17.78,6.93,658.7,654.4,656.55,37.2658,-122.3007,0.12561846973192262
230,Kings,KK-08,1789,96,2.96,56.01,435,7070.63,10.56,9.56,655.4,657.9,656.65,36.4026,-119.7208,0.13086689124770579
231,Shasta,KK-08,775,37,24.9,61.42,50,5097.34,10.52,0.9,661.5,651.9,656.7,40.6722,-121.4228,0.13349110200560035
232,Calaveras,KK-08,777,36,12.99,39.85,148,5482.68,13.24,1.16,663.4,650.2,656.8,38.3168,-120.491,0.13873952352137756
233,Marin,KK-08,3518,188,9.77,49.43,419,5642.83,22.47,40.11,656.7,656.9,656.8,38.0605,-122.7008,0.13873952352137756
234,San Diego,KK-08,19294,924,18.93,50.97,2401,5280.02,15.68,16.66,657.6,656.4,657.0,32.8711,-116.4247,0.14923636655294392
235,Santa Clara,KK-08,7661,386,7.81,32.14,1158,5433.34,23.48,21.96,657.3,656.7,657.0,37.3116,-121.9357,0.14923636655294392
236,Sutter,KK-08,158,8,6.33,25.32,34,4529.28,11.65,8.86,661.0,653.3,657.15,38.8981,-121.5729,0.1571089988266157
237,Nevada,KK-08,117,6,8.4,36.13,42,6039.99,16.36,0.85,664.9,649.9,657.4,39.4443,-120.736,0.17023005261607066
238,Humboldt,KK-08,160,8,16.09,36.78,37,6168.23,14.07,0.0,672.8,642.2,657.5,40.3987,-123.9474,0.17547847413185383
239,Sonoma,KK-08,511,27,27.49,51.85,30,5774.97,13.44,3.91,664.2,650.9,657.55,38.3463,-123.0595,0.17810268488974243
240,San Mateo,KK-08,2770,140,3.61,25.56,296,4806.76,18.34,11.95,659.7,655.6,657.65,37.2658,-122.3007,0.1833511064055256
241,Tehama,KK-08,551,28,15.23,51.56,46,4840.94,11.43,3.99,660.2,655.3,657.75,40.3409,-121.9174,0.18859952792130877
242,Orange,KK-06,5205,242,8.32,37.29,474,4954.47,15.75,22.94,655.1,660.5,657.8,33.818,-117.8104,0.19122373867919737
243,San Bernardino,KK-08,6437,278,2.52,17.15,622,4023.53,15.78,2.49,658.5,657.3,657.9,34.176,-114.264,0.19647216019498057
244,Los Angeles,KK-08,1712,81,5.37,32.65,122,5179.41,14.06,9.87,657.0,659.0,658.0,34.0019,-118.2106,0.20172058171076374
245,Humboldt,KK-08,370,19,6.5,36.31,56,4385.23,12.17,0.54,664.0,652.7,658.35,40.3987,-123.9474,0.22009005701600187
246,San Bernardino,KK-08,3182,153,3.53,26.94,328,4777.51,12.9,8.96,654.7,662.5,658.6,34.176,-114.264,0.2332111108054568
247,San Luis Obispo,KK-06,139,7,0.72,29.5,32,4862.79,10.97,6.47,661.3,656.3,658.8,35.5173,-120.5211,0.2437079538370172
248,Santa Clara,KK-08,11855,588,9.02,32.77,1507,5486.03,17.44,20.73,654.9,663.2,659.05,37.3116,-121.9357,0.25682900762647215
249,El Dorado,KK-08,1068,51,12.83,36.8,129,5486.38,14.76,0.19,662.1,656.2,659.15,38.8026,-120.8946,0.26207742914225535
250,Los Angeles,KK-08,2295,103,4.04,31.37,224,4631.24,14.6,13.99,658.3,660.4,659.35,34.0019,-118.2106,0.2725742721738217
251,Inyo,KK-08,1510,73,10.26,37.11,141,5189.63,13.52,8.74,662.8,656.0,659.4,36.3123,-118.0261,0.2751984829317103
252,Santa Barbara,KK-08,579,27,1.5,31.5,60,4600.61,16.67,20.03,660.0,658.8,659.4,34.9312,-119.6148,0.2751984829317103
253,Madera,KK-08,1012,52,10.48,33.63,140,6735.78,13.52,1.38,660.8,658.8,659.8,36.8799,-120.1147,0.296192168994837
254,Siskiyou,KK-08,1212,68,18.3,47.12,107,5475.17,12.52,2.06,660.4,659.4,659.9,41.5815,-121.9151,0.3014405905106202
255,Sonoma,KK-06,119,7,4.0,33.6,23,5990.79,18.33,28.57,661.7,658.4,660.05,38.3463,-123.0595,0.30931322278429196
256,Nevada,KK-08,590,35,7.8,30.68,78,7203.25,11.47,0.17,673.1,647.1,660.1,39.4443,-120.736,0.31193743354218656
257,Tulare,KK-08,546,27,13.92,54.76,60,4777.77,10.1,13.74,659.8,660.6,660.2,35.8114,-118.6364,0.31718585505796976
258,Tulare,KK-08,248,11,7.46,21.27,51,4302.83,15.36,0.0,667.8,652.8,660.3,35.8114,-118.6364,0.32243427657374696
259,Tuolumne,KK-08,461,26,14.47,48.81,150,5630.19,10.31,0.22,666.9,654.6,660.75,38.0957,-120.1285,0.34605217339476824
260,Los Angeles,KK-08,6312,308,9.84,22.69,496,4708.62,16.99,3.12,662.1,659.8,660.95,34.0019,-118.2106,0.3565490164263346
261,Merced,KK-08,285,13,7.24,66.21,62,5629.96,9.61,47.37,661.1,661.6,661.35,37.2965,-120.3789,0.3775427024894613
262,San Mateo,KK-08,2325,115,2.88,15.66,302,4890.99,21.11,22.71,662.0,660.9,661.45,37.2658,-122.3007,0.3827911240052445
263,Santa Clara,KK-08,11885,549,10.2,30.44,1790,4929.39,16.47,29.12,659.1,664.1,661.6,37.3116,-121.9357,0.3906637562789163
264,Sonoma,KK-08,564,27,6.9,21.38,46,4905.22,18.37,4.43,672.4,650.8,661.6,38.3463,-123.0595,0.3906637562789163
265,Kern,KK-08,12380,620,12.3,31.02,1671,5156.86,16.65,4.81,660.1,663.6,661.85,35.1779,-119.5472,0.40378481006837125
266,San Mateo,KK-08,3772,178,3.37,18.39,529,4941.79,18.54,5.25,665.4,658.3,661.85,37.2658,-122.3007,0.40378481006837125
267,Tuolumne,KK-08,895,47,17.55,42.45,70,5408.78,14.18,1.9,662.7,661.0,661.85,38.0957,-120.1285,0.40378481006837125
268,Placer,KK-08,5714,277,10.53,30.07,489,4981.39,18.03,8.66,664.3,659.5,661.9,39.208,-120.8345,0.40640902082625985
269,Stanislaus,KK-08,105,5,0.0,0.0,16,4877.09,13.59,10.48,662.5,661.3,661.9,37.8272,-120.9144,0.40640902082625985
270,Lassen,KK-08,1449,76,16.53,42.6,125,5111.74,12.64,1.24,660.4,663.5,661.95,40.893,-121.1781,0.40903323158415444
271,Shasta,KK-08,510,24,20.39,45.88,95,5201.52,11.1,0.0,663.1,661.7,662.4,40.6722,-121.4228,0.4326511284051698
272,Tulare,KK-08,160,8,11.25,56.88,39,4138.31,7.5,9.38,651.4,673.4,662.4,35.8114,-118.6364,0.4326511284051698
273,Los Angeles,KK-08,433,22,9.34,25.1,50,5743.6,15.51,1.39,665.4,659.5,662.45,34.0019,-118.2106,0.4352753391630643
274,Santa Clara,KK-08,3186,164,5.45,44.39,411,5702.71,22.84,35.34,663.5,661.5,662.5,37.3116,-121.9357,0.4378995499209529
275,Los Angeles,KK-06,5010,239,5.3,27.35,576,4802.15,19.82,9.64,661.7,663.4,662.55,34.0019,-118.2106,0.4405237606788415
276,Sonoma,KK-08,717,35,8.89,24.72,100,5442.14,16.35,2.23,669.4,655.7,662.55,38.3463,-123.0595,0.4405237606788415
277,Kern,KK-08,3548,170,3.26,14.85,335,4522.38,16.29,0.37,658.3,667.0,662.65,35.1779,-119.5472,0.4457721821946247
278,Shasta,KK-08,868,45,16.59,29.84,78,4965.81,13.25,0.58,662.4,663.0,662.7,40.6722,-121.4228,0.44839639295251926
279,Placer,KK-08,507,26,13.2,37.09,60,5358.33,14.01,0.0,667.1,658.4,662.75,39.208,-120.8345,0.45102060371040786
280,Siskiyou,KK-08,822,46,8.07,25.61,105,5784.62,14.16,0.85,668.3,657.5,662.9,41.5815,-121.9151,0.45889323598407966
281,Sonoma,KK-06,1792,88,3.12,20.93,143,5072.7,15.77,5.52,667.4,659.3,663.35,38.3463,-123.0595,0.482511132805101
282,Madera,KK-08,1202,62,12.08,35.85,190,5556.04,14.48,0.0,664.3,662.6,663.45,36.8799,-120.1147,0.48775955432088414
283,Humboldt,KK-06,515,27,16.12,26.21,58,5190.31,14.21,0.0,660.2,666.8,663.5,40.3987,-123.9474,0.49038376507877274
284,El Dorado,KK-08,1354,66,12.04,36.48,263,5211.49,15.17,2.44,666.4,661.3,663.85,38.8026,-120.8946,0.5087532403840109
285,Sonoma,KK-06,1252,65,9.45,43.22,113,5284.16,12.58,20.77,659.4,668.3,663.85,38.3463,-123.0595,0.5087532403840109
286,Tehama,KK-08,823,46,13.85,55.29,127,5331.92,10.55,2.19,657.7,670.1,663.9,40.3409,-121.9174,0.5113774511418995
287,Sonoma,KK-06,2231,114,2.92,13.37,258,5599.61,16.96,13.63,666.2,661.8,664.0,38.3463,-123.0595,0.5166258726576827
288,Sonoma,KK-06,271,14,4.47,25.43,81,4881.9,17.71,13.28,668.7,659.3,664.0,38.3463,-123.0595,0.5166258726576827
289,Placer,KK-08,309,15,4.21,32.69,85,4700.43,16.27,1.94,671.3,657.0,664.15,39.208,-120.8345,0.5244985049313544
290,Santa Cruz,KK-06,3005,159,8.62,33.81,308,5650.0,17.9,23.06,666.7,661.6,664.15,36.8722,-121.8101,0.5244985049313544
291,Humboldt,KK-08,966,47,20.96,47.31,114,5318.24,11.83,0.62,674.0,654.6,664.3,40.3987,-123.9474,0.5323711372050263
292,San Bernardino,KK-08,7710,327,4.47,15.93,814,4709.05,18.62,3.26,663.4,665.4,664.4,34.176,-114.264,0.5376195587208094
293,Placer,KK-08,762,35,10.81,30.37,54,5143.19,12.43,0.0,663.1,665.8,664.45,39.208,-120.8345,0.540243769478704
294,El Dorado,KK-08,1708,89,8.49,29.04,206,5133.01,15.17,2.22,665.5,663.9,664.7,38.8026,-120.8946,0.553364823268159
295,Orange,KK-08,9850,489,3.34,30.64,1113,5081.46,20.88,18.56,663.7,665.8,664.75,33.818,-117.8104,0.5559890340260475
296,Glenn,KK-08,129,5,9.3,50.39,10,4016.42,10.64,6.2,667.6,662.3,664.95,39.6002,-122.5376,0.5664858770576139
297,San Mateo,KK-08,10619,565,2.54,28.38,1150,5374.05,25.03,18.46,665.9,664.0,664.95,37.2658,-122.3007,0.5664858770576139
298,Santa Barbara,KK-06,4521,236,3.71,31.08,494,5427.55,16.76,32.07,666.8,663.4,665.1,34.9312,-119.6148,0.5743585093312856
299,San Bernardino,KK-08,580,29,11.9,30.17,114,5179.64,15.3,3.97,656.2,674.2,665.2,34.176,-114.264,0.5796069308470688
300,Sonoma,KK-06,2569,138,5.49,24.75,326,5400.0,17.37,15.34,669.8,660.9,665.35,38.3463,-123.0595,0.5874795631207406
301,Santa Clara,KK-08,6022,286,6.39,36.0,756,5726.15,22.1,27.67,663.9,667.4,665.65,37.3116,-121.9357,0.6032248276680842
302,Santa Barbara,KK-08,670,33,0.42,13.87,47,5003.87,22.84,12.54,670.3,661.5,665.9,34.9312,-119.6148,0.6163458814575391
303,San Diego,KK-08,14708,700,13.53,45.72,1962,4969.51,18.32,12.68,664.5,667.4,665.95,32.8711,-116.4247,0.6189700922154338
304,Orange,KK-08,6601,305,1.2,15.09,706,4747.3,25.03,6.91,668.0,664.0,666.0,33.818,-117.8104,0.6215943029733223
305,Santa Barbara,KK-08,675,33,0.0,31.85,87,4543.31,21.96,14.96,668.7,663.4,666.05,34.9312,-119.6148,0.624218513731211
306,Santa Cruz,KK-08,2458,124,6.02,24.6,193,5229.59,18.8,11.27,666.9,665.3,666.1,36.8722,-121.8101,0.6268427244891055
307,Glenn,KK-08,144,8,4.17,44.44,14,4507.35,10.64,9.72,671.9,660.4,666.15,39.6002,-122.5376,0.629466935246994
308,Sonoma,KK-08,573,29,6.99,15.21,48,5302.63,17.51,3.32,671.0,661.3,666.15,38.3463,-123.0595,0.629466935246994
309,Nevada,KK-08,721,35,1.85,18.49,82,5545.61,18.59,0.69,668.8,664.1,666.45,39.4443,-120.736,0.6452121997943436
310,Kings,KK-08,992,46,3.73,22.88,160,4615.91,11.12,5.14,671.2,661.9,666.55,36.4026,-119.7208,0.6504606213101208
311,San Diego,KK-08,8432,360,6.39,22.98,0,5397.69,14.1,4.97,663.7,669.5,666.6,32.8711,-116.4247,0.6530848320680154
312,Lassen,KK-08,244,11,15.57,40.16,15,5118.37,12.64,6.97,672.1,661.2,666.65,40.893,-121.1781,0.655709042825904
313,Ventura,KK-08,7116,356,2.6,13.28,785,5008.07,20.94,8.0,667.5,665.8,666.65,34.258,-118.6662,0.655709042825904
314,Tuolumne,KK-08,830,46,10.41,32.61,95,4906.03,14.18,0.48,662.1,671.3,666.7,38.0957,-120.1285,0.6583332535837986
315,Siskiyou,KK-06,160,10,13.38,53.5,38,6870.35,11.83,2.5,666.9,666.8,666.85,41.5815,-121.9151,0.6662058858574703
316,Sonoma,KK-06,1588,83,6.8,20.58,220,5301.72,18.67,3.84,671.3,662.4,666.85,38.3463,-123.0595,0.6662058858574703
317,San Diego,KK-08,2272,108,4.05,16.07,307,5182.37,17.33,1.32,667.7,666.6,667.15,32.8711,-116.4247,0.6819511504048139
318,Sonoma,KK-08,1425,71,5.09,19.83,65,4999.47,17.51,4.91,669.8,664.6,667.2,38.3463,-123.0595,0.6845753611627085
319,Humboldt,KK-06,245,12,8.98,13.06,30,6732.07,15.57,0.0,672.2,662.7,667.45,40.3987,-123.9474,0.6976964149521634
320,Kern,KK-08,1349,65,2.0,8.67,259,4612.99,15.57,0.22,667.0,667.9,667.45,35.1779,-119.5472,0.6976964149521634
321,Tulare,KK-08,400,22,13.8,29.86,65,5478.85,15.75,0.0,669.2,666.0,667.6,35.8114,-118.6364,0.7055690472258352
322,Santa Clara,KK-08,4632,245,7.04,23.64,637,5666.71,20.47,17.85,669.4,666.6,668.0,37.3116,-121.9357,0.7265627332889619
323,Kern,KK-08,224,9,5.36,35.27,15,4742.51,9.71,4.46,660.5,675.7,668.1,35.1779,-119.5472,0.7318111548047451
324,Kings,KK-08,576,31,3.99,28.12,92,4907.39,11.12,9.55,665.8,671.0,668.4,36.4026,-119.7208,0.7475564193520887
325,San Diego,KK-08,451,25,8.65,11.75,75,5700.4,16.32,3.99,672.7,664.5,668.6,32.8711,-116.4247,0.758053262383655
326,San Diego,KK-06,900,50,2.1,24.34,145,5191.83,21.97,20.67,668.8,668.5,668.65,32.8711,-116.4247,0.7606774731415437
327,Tulare,KK-08,118,5,8.33,51.67,10,4451.26,8.93,7.63,668.5,669.1,668.8,35.8114,-118.6364,0.7685501054152154
328,San Diego,KK-08,1457,73,5.98,42.96,0,5627.53,20.0,27.45,666.2,671.6,668.9,32.8711,-116.4247,0.7737985269309986
329,Orange,KK-06,4734,232,2.61,19.37,586,4922.94,18.83,10.86,665.5,672.4,668.95,33.818,-117.8104,0.7764227376888931
330,Los Angeles,KK-08,3303,146,4.66,16.95,379,4969.38,18.12,5.03,666.1,672.1,669.1,34.0019,-118.2106,0.784295369962565
331,Los Angeles,KK-06,6055,286,5.61,30.09,540,4829.72,23.67,14.24,668.9,669.7,669.3,34.0019,-118.2106,0.7947922129941254
332,Marin,KK-08,424,23,3.54,15.33,39,6716.69,22.14,0.24,680.9,657.7,669.3,38.0605,-122.7008,0.7947922129941254
333,Santa Clara,KK-08,2801,139,5.03,23.1,615,5205.94,20.55,2.07,673.3,665.4,669.35,37.3116,-121.9357,0.7974164237520199
334,Tehama,KK-08,187,9,17.55,44.68,37,4357.83,9.48,8.56,664.6,674.1,669.35,40.3409,-121.9174,0.7974164237520199
335,Humboldt,KK-08,129,6,13.95,27.13,17,5195.92,11.83,0.0,670.1,669.5,669.8,40.3987,-123.9474,0.8210343205730353
336,San Diego,KK-06,188,9,6.38,36.7,41,6002.07,18.8,4.79,673.2,666.5,669.85,32.8711,-116.4247,0.8236585313309298
337,Shasta,KK-08,1212,65,22.19,46.12,116,5090.59,10.55,3.96,669.2,670.7,669.95,40.6722,-121.4228,0.828906952846713
338,Kern,KK-08,2596,135,3.0,19.53,249,5112.39,15.52,1.58,669.2,670.8,670.0,35.1779,-119.5472,0.8315311636046016
339,Santa Clara,KK-08,4925,253,3.82,12.17,753,5287.35,21.63,3.59,672.8,668.6,670.7,37.3116,-121.9357,0.8682701142150778
340,Orange,KK-08,6257,288,2.16,15.51,930,4889.48,21.1,8.73,671.2,671.3,671.25,33.818,-117.8104,0.8971364325518764
341,El Dorado,KK-08,868,45,4.72,19.01,122,5118.13,15.17,0.0,674.6,668.0,671.3,38.8026,-120.8946,0.899760643309765
342,El Dorado,KK-08,3787,186,3.25,8.34,934,5119.12,19.12,0.26,674.9,668.3,671.6,38.8026,-120.8946,0.9155059078571145
343,Placer,KK-08,6423,306,2.93,14.27,855,4792.21,17.62,1.45,671.4,671.8,671.6,39.208,-120.8345,0.9155059078571145
344,El Dorado,KK-08,678,34,2.51,15.93,47,5450.1,15.17,0.15,677.6,665.7,671.65,38.8026,-120.8946,0.9181301186150032
345,Humboldt,KK-08,162,8,16.96,33.92,23,5210.72,10.64,0.0,679.8,663.6,671.7,40.3987,-123.9474,0.9207543293728977
346,Los Angeles,KK-06,8529,407,2.19,11.7,834,4715.45,20.74,3.71,668.9,674.6,671.75,34.0019,-118.2106,0.9233785401307862
347,Placer,KK-08,1862,89,2.83,21.09,231,4632.07,21.57,0.27,673.1,670.7,671.9,39.208,-120.8345,0.9312511724044581
348,Placer,KK-08,1452,70,2.43,10.41,183,5028.56,17.66,0.0,679.6,664.2,671.9,39.208,-120.8345,0.9312511724044581
349,Sonoma,KK-06,155,8,0.65,12.26,32,5695.47,17.71,4.52,672.3,671.6,671.95,38.3463,-123.0595,0.9338753831623526
350,San Mateo,KK-08,2536,127,2.03,2.03,343,4504.29,27.82,2.44,676.1,668.0,672.05,37.2658,-122.3007,0.9391238046781298
351,Nevada,KK-08,567,30,4.9,29.02,103,5156.44,18.59,0.0,673.9,670.2,672.05,39.4443,-120.736,0.9391238046781298
352,Madera,KK-08,953,52,7.99,33.92,135,5433.51,14.26,0.0,668.1,676.5,672.3,36.8799,-120.1147,0.9522448584675848
353,San Luis Obispo,KK-08,296,15,5.59,25.99,42,5254.63,22.76,5.41,674.6,670.1,672.35,35.5173,-120.5211,0.9548690692254794
354,Lassen,KK-08,198,9,2.45,12.75,24,4593.2,12.64,0.0,672.7,672.2,672.45,40.893,-121.1781,0.9601174907412625
355,Fresno,KK-08,218,10,2.24,25.11,49,4320.68,11.24,6.42,669.4,675.7,672.55,36.4042,-120.1341,0.9653659122570397
356,Sonoma,KK-06,734,36,2.02,12.82,117,4920.78,16.96,6.54,676.1,669.3,672.7,38.3463,-123.0595,0.9732385445307175
357,Sonoma,KK-06,189,11,2.07,32.12,50,6905.87,17.71,14.29,679.1,667.0,673.05,38.3463,-123.0595,0.9916080198359497
358,San Mateo,KK-08,2528,138,1.34,2.45,482,5729.9,25.62,3.68,675.0,671.5,673.25,37.2658,-122.3007,1.002104862867516
359,El Dorado,KK-08,2987,154,2.04,11.18,290,4825.2,18.73,0.5,676.1,670.5,673.3,38.8026,-120.8946,1.0047290736254046
360,Placer,KK-08,208,11,9.39,32.86,21,5388.17,13.44,0.0,680.5,666.6,673.55,39.208,-120.8345,1.0178501274148595
361,San Diego,KK-08,379,23,2.9,22.16,29,5133.83,15.18,22.69,670.5,676.6,673.55,32.8711,-116.4247,1.0178501274148595
362,El Dorado,KK-08,145,9,6.21,0.0,27,5346.16,19.12,0.0,670.5,677.3,673.9,38.8026,-120.8946,1.0362196027200976
363,Nevada,KK-08,706,37,2.59,23.05,103,4789.31,13.71,0.14,676.0,672.5,674.25,39.4443,-120.736,1.0545890780253357
364,Sonoma,KK-08,878,47,1.38,15.75,105,5329.78,17.51,2.73,681.0,669.8,675.4,38.3463,-123.0595,1.1149459254568275
365,Humboldt,KK-08,594,33,12.27,25.38,75,5371.17,11.83,1.68,683.0,668.4,675.7,40.3987,-123.9474,1.130691190004177
366,Trinity,KK-08,139,7,20.86,66.91,40,5771.38,13.27,0.0,680.1,672.2,676.15,40.6262,-123.4689,1.1543090868251924
367,Nevada,KK-08,2089,102,2.52,14.04,318,4993.63,16.36,0.14,673.8,679.3,676.55,39.4443,-120.736,1.175302772888319
368,Placer,KK-08,326,16,4.29,11.04,42,4854.04,18.63,0.0,673.3,679.9,676.6,39.208,-120.8345,1.1779269836462136
369,Ventura,KK-08,516,21,0.97,27.71,50,4392.68,23.73,11.05,680.5,673.2,676.85,34.258,-118.6662,1.1910480374356687
370,Trinity,KK-08,449,25,12.73,48.48,50,5884.43,12.93,0.0,672.8,681.1,676.95,40.6262,-123.4689,1.1962964589514518
371,Shasta,KK-08,297,15,2.36,4.04,70,4273.99,13.91,0.0,679.0,675.5,677.25,40.6722,-121.4228,1.2120417234987952
372,Nevada,KK-08,1579,80,5.56,21.78,165,5146.78,15.43,0.06,678.5,677.4,677.95,39.4443,-120.736,1.2487806741092715
373,Humboldt,KK-08,383,20,6.01,10.18,49,5351.52,15.38,0.0,682.9,673.2,678.05,40.3987,-123.9474,1.2540290956250488
374,Sonoma,KK-08,81,5,3.61,0.0,14,7667.57,22.53,0.0,685.3,671.5,678.4,38.3463,-123.0595,1.272398570930287
375,San Diego,KK-06,5259,262,2.4,19.09,701,5281.71,23.81,15.06,679.0,678.6,678.8,32.8711,-116.4247,1.2933922569934138
376,Marin,KK-08,1960,108,1.94,3.73,223,5368.5,24.6,1.48,684.1,674.7,679.4,38.0605,-122.7008,1.3248827860881067
377,Santa Clara,KK-06,151,8,2.65,8.61,31,6429.26,36.17,2.65,676.8,682.2,679.5,37.3116,-121.9357,1.3301312076038898
378,Los Angeles,KK-08,946,49,2.18,6.54,310,5387.46,33.46,1.48,683.1,676.2,679.65,34.0019,-118.2106,1.3380038398775618
379,Sonoma,KK-06,2707,141,5.14,19.23,300,5235.77,20.48,4.47,678.7,680.8,679.75,38.3463,-123.0595,1.3432522613933449
380,Monterey,KK-08,919,46,1.05,0.0,141,4829.9,20.13,0.33,680.2,679.4,679.8,36.8019,-121.7872,1.3458764721512335
381,Sonoma,KK-06,945,46,4.24,10.65,216,5088.71,19.35,2.54,685.7,674.4,680.05,38.3463,-123.0595,1.3589975259406883
382,Santa Clara,KK-08,738,39,0.0,0.68,220,5390.12,36.17,0.54,684.2,676.7,680.45,37.3116,-121.9357,1.3799912120038211
383,Sonoma,KK-06,164,10,2.35,12.94,35,6588.43,22.86,11.59,682.8,679.8,681.3,38.3463,-123.0595,1.4246027948879632
384,Sonoma,KK-06,167,10,0.52,11.46,29,6196.69,17.71,11.38,680.8,681.8,681.3,38.3463,-123.0595,1.4246027948879632
385,Stanislaus,KK-08,125,7,4.0,14.4,25,4645.41,14.18,0.0,688.5,674.7,681.6,37.8272,-120.9144,1.4403480594353126
386,Marin,KK-08,1091,62,0.54,0.54,113,6489.93,41.09,1.37,689.8,674.0,681.9,38.0605,-122.7008,1.4560933239826563
387,Santa Barbara,KK-06,134,6,0.75,3.73,27,5094.96,21.96,2.24,681.8,682.5,682.15,34.9312,-119.6148,1.4692143777721112
388,Sonoma,KK-08,600,32,2.69,29.32,55,4841.96,16.06,5.33,680.0,684.9,682.45,38.3463,-123.0595,1.4849596423194609
389,Marin,KK-08,1803,99,1.92,3.62,283,6315.31,25.74,2.77,685.6,679.5,682.55,38.0605,-122.7008,1.490208063835238
390,Santa Cruz,KK-06,158,7,13.75,16.25,15,5399.38,20.47,0.0,687.3,678.0,682.65,36.8722,-121.8101,1.4954564853510213
391,San Mateo,KK-08,2392,127,1.42,6.27,439,5429.47,35.81,17.73,682.4,684.3,683.35,37.2658,-122.3007,1.5321954359614973
392,Shasta,KK-08,526,28,3.99,11.41,33,5644.29,13.57,0.0,684.5,682.3,683.4,40.6722,-121.4228,1.534819646719386
393,Santa Cruz,KK-06,141,6,10.07,9.35,44,6060.26,20.09,0.0,680.4,688.2,684.3,36.8722,-121.8101,1.5820554403614226
394,Santa Cruz,KK-06,235,12,4.66,5.93,30,5319.55,18.28,0.43,688.5,680.2,684.35,36.8722,-121.8101,1.5846796511193173
395,Contra Costa,KK-08,3280,158,2.75,7.86,406,4819.9,25.24,6.07,682.2,687.4,684.8,38.0446,-122.185,1.6082975479403325
396,Santa Barbara,KK-06,1254,57,1.58,12.5,0,5208.23,25.06,10.13,686.2,683.7,684.95,34.9312,-119.6148,1.6161701802140103
397,Marin,KK-08,948,53,1.79,1.9,155,5859.96,30.63,3.38,692.2,679.9,686.05,38.0605,-122.7008,1.6739028168876073
398,Santa Clara,KK-08,15228,708,1.72,4.69,2232,4962.74,27.48,8.65,683.1,690.3,686.7,37.3116,-121.9357,1.708017556740195
399,Santa Cruz,KK-06,81,4,13.25,20.48,21,7614.38,30.84,12.35,693.8,681.3,687.55,36.8722,-121.8101,1.7526291396243372
400,Santa Clara,KK-08,2768,141,0.45,2.79,540,5566.47,34.16,1.59,691.6,686.6,689.1,37.3116,-121.9357,1.8339796731189615
401,Santa Barbara,KK-06,535,31,0.08,0.72,84,7039.95,43.23,1.5,693.5,688.6,691.05,34.9312,-119.6148,1.9363238926767066
402,San Diego,KK-06,2542,146,0.83,9.68,404,6604.06,27.95,10.39,687.7,695.0,691.35,32.8711,-116.4247,1.952069157224056
403,San Mateo,KK-08,1940,111,0.41,3.92,265,6180.15,49.94,6.13,693.7,690.1,691.9,37.2658,-122.3007,1.9809354755608546
404,Marin,KK-08,1059,65,0.85,1.42,272,6460.66,55.33,2.27,695.9,692.0,693.95,38.0605,-122.7008,2.0885281166343885
405,Marin,KK-08,2340,132,1.58,2.44,403,6415.35,35.48,2.48,693.6,694.9,694.25,38.0605,-122.7008,2.1042733811817325
406,Contra Costa,KK-08,3469,172,0.0,0.17,496,5230.88,34.3,0.89,697.9,691.7,694.8,38.0446,-122.185,2.133139699518531
407,San Diego,KK-06,2106,115,1.71,2.61,300,5838.17,38.63,2.42,695.1,695.3,695.2,32.8711,-116.4247,2.1541333855816633
408,San Mateo,KK-08,478,32,0.0,0.0,112,7711.51,35.34,3.77,701.3,689.3,695.3,37.2658,-122.3007,2.1593818070974407
409,Contra Costa,KK-08,1885,98,0.05,0.3,241,5592.77,31.05,1.96,697.4,695.7,696.55,38.0446,-122.185,2.2249870760447155
410,Contra Costa,KK-08,2422,139,0.0,0.12,466,5933.15,40.26,0.58,699.1,697.3,698.2,38.0446,-122.185,2.311586031055123
411,San Mateo,KK-08,1318,87,0.15,0.0,412,7593.41,35.81,2.81,695.4,701.1,698.25,37.2658,-122.3007,2.3142102418130115
412,Santa Barbara,KK-06,220,12,0.45,0.0,22,6500.45,43.23,1.36,693.3,703.6,698.45,34.9312,-119.6148,2.324707084844578
413,San Mateo,KK-08,687,44,0.3,0.0,209,7217.26,50.68,1.16,698.3,699.9,699.1,37.2658,-122.3007,2.3588218246971597
414,Santa Clara,KK-08,2341,124,0.17,0.6,286,5392.64,40.4,2.05,698.9,701.7,700.3,37.3116,-121.9357,2.42180288288654
415,San Mateo,KK-08,984,59,0.1,3.56,195,7290.34,28.72,6.0,700.9,707.7,704.3,37.2658,-122.3007,2.631739743517819
416,Santa Clara,KK-08,3724,208,1.07,1.5,721,5741.46,41.73,4.73,704.0,709.5,706.75,37.3116,-121.9357,2.76032607065448
417,Ventura,KK-08,441,20,3.56,37.19,45,4402.83,23.73,24.26,648.3,641.7,645.0,34.258,-118.6662,-0.48057421534089395
418,Yuba,KK-08,101,5,11.88,59.41,14,4776.34,9.95,2.97,667.9,676.5,672.2,39.2053,-121.2928,0.9469964369518076
419,Yuba,KK-08,1778,93,6.92,47.57,313,5993.39,12.5,5.01,660.5,651.0,655.75,39.2053,-121.2928,0.08363109760566913
